Date,Adj Close
2021-01-04,125.74083709716797
2021-01-05,127.29547882080078
2021-01-06,123.0105209350586
2021-01-07,127.2080307006836
2021-01-08,128.3059844970703
2021-01-11,125.3230209350586
2021-01-12,125.14815521240234
2021-01-13,127.17890930175781
2021-01-14,125.25503540039062
2021-01-15,123.53520965576172
2021-01-19,124.20565032958984
2021-01-20,128.2865447998047
2021-01-21,132.9893035888672
2021-01-22,135.12696838378906
2021-01-25,138.86776733398438
2021-01-26,139.1009521484375
2021-01-27,138.0321502685547
2021-01-28,133.20310974121094
2021-01-29,128.21856689453125
2021-02-01,130.3367919921875
2021-02-02,131.16265869140625
2021-02-03,130.14242553710938
2021-02-04,133.4945831298828
2021-02-05,133.08102416992188
2021-02-08,133.22698974609375
2021-02-09,132.35116577148438
2021-02-10,131.74789428710938
2021-02-11,131.49484252929688
2021-02-12,131.72842407226562
2021-02-16,129.60702514648438
2021-02-17,127.32025146484375
2021-02-18,126.22068786621094
2021-02-19,126.37640380859375
2021-02-22,122.61048126220703
2021-02-23,122.47423553466797
2021-02-24,121.97795104980469
2021-02-25,117.73526000976562
2021-02-26,117.99797821044922
2021-03-01,124.3523178100586
2021-03-02,121.75416564941406
2021-03-03,118.77645874023438
2021-03-04,116.89839172363281
2021-03-05,118.15367889404297
2021-03-08,113.22980499267578
2021-03-09,117.83255004882812
2021-03-10,116.75241088867188
2021-03-11,118.67914581298828
2021-03-12,117.77417755126953
2021-03-15,120.65454864501953
2021-03-16,122.19206237792969
2021-03-17,121.4038314819336
2021-03-18,117.28762817382812
2021-03-19,116.76215362548828
2021-03-22,120.0706787109375
2021-03-23,119.2435531616211
2021-03-24,116.85944366455078
2021-03-25,117.34600830078125
2021-03-26,117.94933319091797
2021-03-29,118.12447357177734
2021-03-30,116.67459106445312
2021-03-31,118.86404418945312
2021-04-01,119.69116973876953
2021-04-05,122.51314544677734
2021-04-06,122.8148193359375
2021-04-07,124.4593734741211
2021-04-08,126.8531723022461
2021-04-09,129.42218017578125
2021-04-12,127.70951080322266
2021-04-13,130.81365966796875
2021-04-14,128.47825622558594
2021-04-15,130.88180541992188
2021-04-16,130.5509490966797
2021-04-19,131.21266174316406
2021-04-20,129.5292510986328
2021-04-21,129.9087371826172
2021-04-22,128.39065551757812
2021-04-23,130.7066650390625
2021-04-26,131.09591674804688
2021-04-27,130.77481079101562
2021-04-28,129.98658752441406
2021-04-29,129.8892364501953
2021-04-30,127.92362213134766
2021-05-03,128.9745635986328
2021-05-04,124.41071319580078
2021-05-05,124.65399932861328
2021-05-06,126.24989318847656
2021-05-07,126.92243957519531
2021-05-10,123.64728546142578
2021-05-11,122.73101806640625
2021-05-12,119.67028045654297
2021-05-13,121.81475067138672
2021-05-14,124.23212432861328
2021-05-17,123.08191680908203
2021-05-18,121.6977767944336
2021-05-19,121.54180145263672
2021-05-20,124.09565734863281
2021-05-21,122.26314544677734
2021-05-24,123.89095306396484
2021-05-25,123.69600677490234
2021-05-26,123.64728546142578
2021-05-27,122.1169204711914
2021-05-28,121.46383666992188
2021-06-01,121.14215850830078
2021-06-02,121.9024658203125
2021-06-03,120.42086029052734
2021-06-04,122.71151733398438
2021-06-07,122.72123718261719
2021-06-08,123.54004669189453
2021-06-09,123.92021179199219
2021-06-10,122.92596435546875
2021-06-11,124.13465118408203
2021-06-14,127.18560791015625
2021-06-15,126.36682891845703
2021-06-16,126.86397552490234
2021-06-17,128.46255493164062
2021-06-18,127.16614532470703
2021-06-21,128.95968627929688
2021-06-22,130.59727478027344
2021-06-23,130.3243408203125
2021-06-24,130.04168701171875
2021-06-25,129.74925231933594
2021-06-28,131.3770751953125
2021-06-29,132.887939453125
2021-06-30,133.50201416015625
2021-07-01,133.80421447753906
2021-07-02,136.42628479003906
2021-07-06,138.4342803955078
2021-07-07,140.9198760986328
2021-07-08,139.6234893798828
2021-07-09,141.44627380371094
2021-07-12,140.85166931152344
2021-07-13,141.9628448486328
2021-07-14,145.38426208496094
2021-07-15,144.73117065429688
2021-07-16,142.6939239501953
2021-07-19,138.85337829589844
2021-07-20,142.4600067138672
2021-07-21,141.7289276123047
2021-07-22,143.0935821533203
2021-07-23,144.80911254882812
2021-07-26,145.22828674316406
2021-07-27,143.0643310546875
2021-07-28,141.3195343017578
2021-07-29,141.9628448486328
2021-07-30,142.17730712890625
2021-08-02,141.8459014892578
2021-08-03,143.63943481445312
2021-08-04,143.2397918701172
2021-08-05,143.3470001220703
2021-08-06,142.66368103027344
2021-08-09,142.61489868164062
2021-08-10,142.1365203857422
2021-08-11,142.39035034179688
2021-08-12,145.3482208251953
2021-08-13,145.55325317382812
2021-08-16,147.5251922607422
2021-08-17,146.6173553466797
2021-08-18,142.87841796875
2021-08-19,143.21034240722656
2021-08-20,144.6649169921875
2021-08-23,146.14871215820312
2021-08-24,146.0608673095703
2021-08-25,144.8308563232422
2021-08-26,144.0303497314453
2021-08-27,145.06517028808594
2021-08-30,149.4776611328125
2021-08-31,148.21835327148438
2021-09-01,148.88214111328125
2021-09-02,149.99501037597656
2021-09-03,150.6295623779297
2021-09-07,152.9626922607422
2021-09-08,151.4202880859375
2021-09-09,150.4050750732422
2021-09-10,145.42636108398438
2021-09-13,145.99253845214844
2021-09-14,144.59657287597656
2021-09-15,145.48492431640625
2021-09-16,145.25062561035156
2021-09-17,142.5855712890625
2021-09-20,139.53982543945312
2021-09-21,140.01815795898438
2021-09-22,142.38058471679688
2021-09-23,143.3372802734375
2021-09-24,143.4251251220703
2021-09-27,141.91195678710938
2021-09-28,138.53431701660156
2021-09-29,139.43243408203125
2021-09-30,138.13404846191406
2021-10-01,139.2567138671875
2021-10-04,135.83021545410156
2021-10-05,137.75335693359375
2021-10-06,138.62216186523438
2021-10-07,139.88145446777344
2021-10-08,139.50074768066406
2021-10-11,139.41287231445312
2021-10-12,138.14378356933594
2021-10-13,137.55810546875
2021-10-14,140.34030151367188
2021-10-15,141.3945770263672
2021-10-18,143.0638885498047
2021-10-19,145.2213592529297
2021-10-20,145.70945739746094
2021-10-21,145.92422485351562
2021-10-22,145.15298461914062
2021-10-25,145.1041717529297
2021-10-26,145.7680206298828
2021-10-27,145.30918884277344
2021-10-28,148.94073486328125
2021-10-29,146.2366180419922
2021-11-01,145.41659545898438
2021-11-02,146.4513702392578
2021-11-03,147.88641357421875
2021-11-04,147.3690185546875
2021-11-05,147.89691162109375
2021-11-08,147.0757293701172
2021-11-09,147.4374542236328
2021-11-10,144.61204528808594
2021-11-11,144.5631866455078
2021-11-12,146.63577270507812
2021-11-15,146.6455535888672
2021-11-16,147.62319946289062
2021-11-17,150.05751037597656
2021-11-18,154.33956909179688
2021-11-19,156.95962524414062
2021-11-22,157.4191436767578
2021-11-23,157.80039978027344
2021-11-24,158.31857299804688
2021-11-26,153.30323791503906
2021-11-29,156.6565704345703
2021-11-30,161.60340881347656
2021-12-01,161.08526611328125
2021-12-02,160.09783935546875
2021-12-03,158.22079467773438
2021-12-06,161.6230010986328
2021-12-07,167.3519287109375
2021-12-08,171.1647186279297
2021-12-09,170.65634155273438
2021-12-10,175.4369659423828
2021-12-13,171.8099822998047
2021-12-14,170.43145751953125
2021-12-15,175.2903289794922
2021-12-16,168.40774536132812
2021-12-17,167.3128204345703
2021-12-20,165.953857421875
2021-12-21,169.12142944335938
2021-12-22,171.7122039794922
2021-12-23,172.33786010742188
2021-12-27,176.29730224609375
2021-12-28,175.280517578125
2021-12-29,175.36854553222656
2021-12-30,174.21490478515625
2021-12-31,173.59901428222656
2022-01-03,177.93975830078125
2022-01-04,175.68141174316406
2022-01-05,171.00828552246094
2022-01-06,168.15354919433594
2022-01-07,168.3197479248047
2022-01-10,168.3393096923828
2022-01-11,171.1647186279297
2022-01-12,171.60464477539062
2022-01-13,168.3393096923828
2022-01-14,169.19964599609375
2022-01-18,166.0027618408203
2022-01-19,162.5125732421875
2022-01-20,160.83103942871094
2022-01-21,158.77804565429688
2022-01-24,158.00572204589844
2022-01-25,156.2068328857422
2022-01-26,156.11891174316406
2022-01-27,155.6593780517578
2022-01-28,166.5209503173828
2022-01-31,170.87142944335938
2022-02-01,170.70518493652344
2022-02-02,171.90769958496094
2022-02-03,169.03343200683594
2022-02-04,168.74957275390625
2022-02-07,168.0349884033203
2022-02-08,171.1380157470703
2022-02-09,172.55743408203125
2022-02-10,168.48529052734375
2022-02-11,165.0787811279297
2022-02-14,165.313720703125
2022-02-15,169.14112854003906
2022-02-16,168.9061737060547
2022-02-17,165.313720703125
2022-02-18,163.76705932617188
2022-02-22,160.8500213623047
2022-02-23,156.68971252441406
2022-02-24,159.3033905029297
2022-02-25,161.36880493164062
2022-02-28,161.63308715820312
2022-03-01,159.7536163330078
2022-03-02,163.0426788330078
2022-03-03,162.7196502685547
2022-03-04,159.72427368164062
2022-03-07,155.93600463867188
2022-03-08,154.1153106689453
2022-03-09,159.50888061523438
2022-03-10,155.17250061035156
2022-03-11,151.4625244140625
2022-03-14,147.43930053710938
2022-03-15,151.8148956298828
2022-03-16,156.2199249267578
2022-03-17,157.2281494140625
2022-03-18,160.51719665527344
2022-03-21,161.88760375976562
2022-03-22,165.25497436523438
2022-03-23,166.61563110351562
2022-03-24,170.3941192626953
2022-03-25,171.03038024902344
2022-03-28,171.8917999267578
2022-03-29,175.1808319091797
2022-03-30,174.01596069335938
2022-03-31,170.92271423339844
2022-04-01,170.62904357910156
2022-04-04,174.6718292236328
2022-04-05,171.3632049560547
2022-04-06,168.20140075683594
2022-04-07,168.50485229492188
2022-04-08,166.49813842773438
2022-04-11,162.2498016357422
2022-04-12,164.11949157714844
2022-04-13,166.80160522460938
2022-04-14,161.7994842529297
2022-04-18,161.5841827392578
2022-04-19,163.8649139404297
2022-04-20,163.6985321044922
2022-04-21,162.90567016601562
2022-04-22,158.3734130859375
2022-04-25,159.44041442871094
2022-04-26,153.4888153076172
2022-04-27,153.263671875
2022-04-28,160.18438720703125
2022-04-29,154.32083129882812
2022-05-02,154.6243133544922
2022-05-03,156.11221313476562
2022-05-04,162.5141143798828
2022-05-05,153.4594268798828
2022-05-06,154.1848602294922
2022-05-09,149.0675506591797
2022-05-10,151.46939086914062
2022-05-11,143.61703491210938
2022-05-12,139.75454711914062
2022-05-13,144.2150115966797
2022-05-16,142.6759033203125
2022-05-17,146.30308532714844
2022-05-18,138.04881286621094
2022-05-19,134.6470947265625
2022-05-20,134.88233947753906
2022-05-23,140.29376220703125
2022-05-24,137.59783935546875
2022-05-25,137.7546844482422
2022-05-26,140.9505615234375
2022-05-27,146.69517517089844
2022-05-31,145.91094970703125
2022-06-01,145.7835235595703
2022-06-02,148.2342987060547
2022-06-03,142.51907348632812
2022-06-06,143.2640838623047
2022-06-07,145.7835235595703
2022-06-08,145.0482940673828
2022-06-09,139.83297729492188
2022-06-10,134.431396484375
2022-06-13,129.2847442626953
2022-06-14,130.14739990234375
2022-06-15,132.76486206054688
2022-06-16,127.50050354003906
2022-06-17,128.97105407714844
2022-06-21,133.19618225097656
2022-06-22,132.68646240234375
2022-06-23,135.54896545410156
2022-06-24,138.8722686767578
2022-06-27,138.8722686767578
2022-06-28,134.7352752685547
2022-06-29,136.49008178710938
2022-06-30,134.0294647216797
2022-07-01,136.19598388671875
2022-07-05,138.774169921875
2022-07-06,140.107421875
2022-07-07,143.469970703125
2022-07-08,144.14639282226562
2022-07-11,142.01907348632812
2022-07-12,142.98959350585938
2022-07-13,142.62689208984375
2022-07-14,145.5482635498047
2022-07-15,147.21478271484375
2022-07-18,144.17579650878906
2022-07-19,148.02845764160156
2022-07-20,150.02828979492188
2022-07-21,152.2928466796875
2022-07-22,151.05763244628906
2022-07-25,149.94007873535156
2022-07-26,148.61666870117188
2022-07-27,153.70449829101562
2022-07-28,154.25347900390625
2022-07-29,159.3119354248047
2022-08-01,158.3316192626953
2022-08-02,156.8611602783203
2022-08-03,162.8607177734375
2022-08-04,162.54702758789062
2022-08-05,162.32118225097656
2022-08-08,161.8499755859375
2022-08-09,161.89910888671875
2022-08-10,166.1399688720703
2022-08-11,165.40371704101562
2022-08-12,168.9475860595703
2022-08-15,170.0176239013672
2022-08-16,169.86056518554688
2022-08-17,171.35267639160156
2022-08-18,170.9600067138672
2022-08-19,168.37820434570312
2022-08-22,164.5005645751953
2022-08-23,164.1667938232422
2022-08-24,164.46128845214844
2022-08-25,166.91546630859375
2022-08-26,160.6229248046875
2022-08-29,158.4239501953125
2022-08-30,155.9992218017578
2022-08-31,154.34014892578125
2022-09-01,155.06658935546875
2022-09-02,152.95596313476562
2022-09-06,151.69943237304688
2022-09-07,153.10324096679688
2022-09-08,151.63070678710938
2022-09-09,154.48739624023438
2022-09-12,160.4363555908203
2022-09-13,151.02203369140625
2022-09-14,152.46514892578125
2022-09-15,149.57896423339844
2022-09-16,147.9395751953125
2022-09-19,151.65029907226562
2022-09-20,154.02601623535156
2022-09-21,150.9042510986328
2022-09-22,149.94219970703125
2022-09-23,147.67453002929688
2022-09-26,148.00828552246094
2022-09-27,148.9801788330078
2022-09-28,147.0953369140625
2022-09-29,139.8701171875
2022-09-30,135.6685333251953
2022-10-03,139.8406524658203
2022-10-04,143.42385864257812
2022-10-05,143.7183380126953
2022-10-06,142.76609802246094
2022-10-07,137.52389526367188
2022-10-10,137.84786987304688
2022-10-11,136.4342803955078
2022-10-12,135.8059844970703
2022-10-13,140.37078857421875
2022-10-14,135.84523010253906
2022-10-17,139.8013916015625
2022-10-18,141.1168975830078
2022-10-19,141.2248992919922
2022-10-20,140.76348876953125
2022-10-21,144.5723876953125
2022-10-24,146.7124786376953
2022-10-25,149.54953002929688
2022-10-26,146.61428833007812
2022-10-27,142.14761352539062
2022-10-28,152.88723754882812
2022-10-31,150.53123474121094
2022-11-01,147.89051818847656
2022-11-02,142.37342834472656
2022-11-03,136.3360595703125
2022-11-04,136.07057189941406
2022-11-07,136.60157775878906
2022-11-08,137.17189025878906
2022-11-09,132.61917114257812
2022-11-10,144.41888427734375
2022-11-11,147.20166015625
2022-11-14,145.80535888671875
2022-11-15,147.53599548339844
2022-11-16,146.3068389892578
2022-11-17,148.20465087890625
2022-11-18,148.76513671875
2022-11-21,145.5398712158203
2022-11-22,147.67364501953125
2022-11-23,148.54881286621094
2022-11-25,145.63818359375
2022-11-28,141.81312561035156
2022-11-29,138.81399536132812
2022-11-30,145.5595245361328
2022-12-01,145.83486938476562
2022-12-02,145.3432159423828
2022-12-05,144.18289184570312
2022-12-06,140.52500915527344
2022-12-07,138.5878448486328
2022-12-08,140.2693328857422
2022-12-09,139.7875213623047
2022-12-12,142.07862854003906
2022-12-13,143.04225158691406
2022-12-14,140.8199920654297
2022-12-15,134.2219696044922
2022-12-16,132.26516723632812
2022-12-19,130.16087341308594
2022-12-20,130.092041015625
2022-12-21,133.18946838378906
2022-12-22,130.02322387695312
2022-12-23,129.659423828125
2022-12-27,127.85993194580078
2022-12-28,123.93653106689453
2022-12-29,127.44693756103516
2022-12-30,127.76161193847656
2023-01-03,122.98272705078125
2023-01-04,124.25119018554688
2023-01-05,122.93354797363281
2023-01-06,127.4567642211914
2023-01-09,127.97796630859375
2023-01-10,128.54824829101562
2023-01-11,131.26220703125
2023-01-12,131.18353271484375
2023-01-13,132.510986328125
2023-01-17,133.6713104248047
2023-01-18,132.95352172851562
2023-01-19,133.01251220703125
2023-01-20,135.56906127929688
2023-01-23,138.75503540039062
2023-01-24,140.15130615234375
2023-01-25,139.4925079345703
2023-01-26,141.55747985839844
2023-01-27,143.4945831298828
2023-01-30,140.6134796142578
2023-01-31,141.88194274902344
2023-02-01,143.0029296875
2023-02-02,148.302978515625
2023-02-03,151.9215545654297
2023-02-06,149.19778442382812
2023-02-07,152.06907653808594
2023-02-08,149.38461303710938
2023-02-09,148.3521728515625
2023-02-10,148.716552734375
2023-02-13,151.513427734375
2023-02-14,150.87326049804688
2023-02-15,152.97093200683594
2023-02-16,151.3755340576172
2023-02-17,150.23312377929688
2023-02-21,146.22496032714844
2023-02-22,146.64842224121094
2023-02-23,147.13099670410156
2023-02-24,144.48179626464844
2023-02-27,145.67343139648438
2023-02-28,145.17120361328125
2023-03-01,143.1031036376953
2023-03-02,143.69395446777344
2023-03-03,148.73619079589844
2023-03-06,151.4936981201172
2023-03-07,149.2975616455078
2023-03-08,150.54827880859375
2023-03-09,148.3029022216797
2023-03-10,146.24462890625
2023-03-13,148.1847381591797
2023-03-14,150.27255249023438
2023-03-15,150.66644287109375
2023-03-16,153.4830322265625
2023-03-17,152.6459503173828
2023-03-20,155.0094757080078
2023-03-21,156.86093139648438
2023-03-22,155.43292236328125
2023-03-23,156.51622009277344
2023-03-24,157.81617736816406
2023-03-27,155.8760986328125
2023-03-28,155.2556915283203
2023-03-29,158.32830810546875
2023-03-30,159.89413452148438
2023-03-31,162.3955535888672
2023-04-03,163.6462860107422
2023-04-04,163.114501953125
2023-04-05,161.27285766601562
2023-04-06,162.15919494628906
2023-04-10,159.5691375732422
2023-04-11,158.35784912109375
2023-04-12,157.6685028076172
2023-04-13,163.0455322265625
2023-04-14,162.70086669921875
2023-04-17,162.7205810546875
2023-04-18,163.94174194335938
2023-04-19,165.08413696289062
2023-04-20,164.1189727783203
2023-04-21,162.5137176513672
2023-04-24,162.8190460205078
2023-04-25,161.28274536132812
2023-04-26,161.27285766601562
2023-04-27,165.85226440429688
2023-04-28,167.10293579101562
2023-05-01,167.0143585205078
2023-05-02,165.98028564453125
2023-05-03,164.9068603515625
2023-05-04,163.2720489501953
2023-05-05,170.9338836669922
2023-05-08,170.8649444580078
2023-05-09,169.16123962402344
2023-05-10,170.9240264892578
2023-05-11,171.11117553710938
2023-05-12,170.18417358398438
2023-05-15,169.6910858154297
2023-05-16,169.6910858154297
2023-05-17,170.30247497558594
2023-05-18,172.62985229492188
2023-05-19,172.7383270263672
2023-05-22,171.79161071777344
2023-05-23,169.1881103515625
2023-05-24,169.46421813964844
2023-05-25,170.5983428955078
2023-05-26,173.00462341308594
2023-05-30,174.84873962402344
2023-05-31,174.79946899414062
2023-06-01,177.60018920898438
2023-06-02,178.4482879638672
2023-06-05,177.09722900390625
2023-06-06,176.73236083984375
2023-06-07,175.36158752441406
2023-06-08,178.0735626220703
2023-06-09,178.4581756591797
2023-06-12,181.24903869628906
2023-06-13,180.775634765625
2023-06-14,181.40679931640625
2023-06-15,183.4383087158203
2023-06-16,182.3634033203125
2023-06-20,182.4521484375
2023-06-21,181.41668701171875
2023-06-22,184.41464233398438
2023-06-23,184.0990753173828
2023-06-26,182.7085723876953
2023-06-27,185.4600067138672
2023-06-28,186.633544921875
2023-06-29,186.9688262939453
2023-06-30,191.2882843017578
2023-07-03,189.79917907714844
2023-07-05,188.68478393554688
2023-07-06,189.1581268310547
2023-07-07,188.04379272460938
2023-07-10,186.00241088867188
2023-07-11,185.47972106933594
2023-07-12,187.14637756347656
2023-07-13,187.90573120117188
2023-07-14,188.0536346435547
2023-07-17,191.30801391601562
2023-07-18,191.05160522460938
2023-07-19,192.40267944335938
2023-07-20,190.45989990234375
2023-07-21,189.28634643554688
2023-07-24,190.08517456054688
2023-07-25,190.943115234375
2023-07-26,191.81097412109375
2023-07-27,190.5486602783203
2023-07-28,193.12257385253906
2023-07-31,193.7340087890625
2023-08-01,192.90560913085938
2023-08-02,189.91751098632812
2023-08-03,188.52699279785156
2023-08-04,179.47389221191406
2023-08-07,176.3773651123047
2023-08-08,177.314208984375
2023-08-09,175.7264404296875
2023-08-10,175.50950622558594
2023-08-11,175.56874084472656
2023-08-14,177.21788024902344
2023-08-15,175.23297119140625
2023-08-16,174.36399841308594
2023-08-17,171.82611083984375
2023-08-18,172.30999755859375
2023-08-21,173.64309692382812
2023-08-22,175.01576232910156
2023-08-23,178.85716247558594
2023-08-24,174.1763916015625
2023-08-25,176.37847900390625
2023-08-28,177.93875122070312
2023-08-29,181.81967163085938
2023-08-30,185.30552673339844
2023-08-31,185.52281188964844
2023-09-01,187.09292602539062
2023-09-05,187.32994079589844
2023-09-06,180.62478637695312
2023-09-07,175.34165954589844
2023-09-08,175.95387268066406
2023-09-11,177.11912536621094
2023-09-12,174.0973663330078
2023-09-13,172.03347778320312
2023-09-14,173.5443878173828
2023-09-15,172.82347106933594
2023-09-18,175.74647521972656
2023-09-19,176.832763671875
2023-09-20,173.2974853515625
2023-09-21,171.7569580078125
2023-09-22,172.60623168945312
2023-09-25,173.88009643554688
2023-09-26,169.8115997314453
2023-09-27,168.30068969726562
2023-09-28,168.5574493408203
2023-09-29,169.0709686279297
2023-10-02,171.5792236328125
2023-10-03,170.24609375
2023-10-04,171.49034118652344
2023-10-05,172.7247314453125
2023-10-06,175.27252197265625
2023-10-09,176.7537841796875
2023-10-10,176.1612548828125
2023-10-11,177.5536651611328
2023-10-12,178.4522705078125
2023-10-13,176.61553955078125
2023-10-16,176.48712158203125
2023-10-17,174.93675231933594
2023-10-18,173.64309692382812
2023-10-19,173.26788330078125
2023-10-20,170.7200927734375
2023-10-23,170.8385772705078
2023-10-24,171.27308654785156
2023-10-25,168.9623260498047
2023-10-26,164.80491638183594
2023-10-27,166.11830139160156
2023-10-30,168.1624298095703
2023-10-31,168.63645935058594
2023-11-01,171.79647827148438
2023-11-02,175.35150146484375
2023-11-03,174.44296264648438
2023-11-06,176.99075317382812
2023-11-07,179.5484161376953
2023-11-08,180.6050567626953
2023-11-09,180.1310272216797
2023-11-10,184.31369018554688
2023-11-13,182.7316131591797
2023-11-14,185.34207153320312
2023-11-15,185.90567016601562
2023-11-16,187.5866241455078
2023-11-17,187.5668487548828
2023-11-20,189.30714416503906
2023-11-21,188.50619506835938
2023-11-22,189.16873168945312
2023-11-24,187.84373474121094
2023-11-27,187.66574096679688
2023-11-28,188.26890563964844
2023-11-29,187.25042724609375
2023-11-30,187.82394409179688
2023-12-01,189.09950256347656
2023-12-04,187.30975341796875
2023-12-05,191.25511169433594
2023-12-06,190.1674346923828
2023-12-07,192.09559631347656
2023-12-08,193.5194854736328
2023-12-11,191.017822265625
2023-12-12,192.53067016601562
2023-12-13,195.74429321289062
2023-12-14,195.89259338378906
2023-12-15,195.35865783691406
2023-12-18,193.6974334716797
2023-12-19,194.7357177734375
2023-12-20,192.64932250976562
2023-12-21,192.50099182128906
2023-12-22,191.43310546875
2023-12-26,190.88926696777344
2023-12-27,190.98812866210938
2023-12-28,191.41331481933594
2023-12-29,190.37506103515625
2024-01-02,183.5622100830078
2024-01-03,182.18775939941406
2024-01-04,179.8739471435547
2024-01-05,179.152099609375
2024-01-08,183.4831085205078
2024-01-09,183.06776428222656
2024-01-10,184.1060333251953
2024-01-11,183.51275634765625
2024-01-12,183.8390655517578
2024-01-16,181.57467651367188
2024-01-17,180.63531494140625
2024-01-18,186.5187225341797
2024-01-19,189.41592407226562
2024-01-22,191.71983337402344
2024-01-23,192.99539184570312
2024-01-24,192.3230438232422
2024-01-25,191.99673461914062
2024-01-26,190.2663116455078
2024-01-29,189.5840301513672
2024-01-30,185.935302734375
2024-01-31,182.3360595703125
2024-02-01,184.76852416992188
2024-02-02,183.7698516845703
2024-02-05,185.57936096191406
2024-02-06,187.18124389648438
2024-02-07,187.2899932861328
2024-02-08,186.21218872070312
2024-02-09,186.9745330810547
2024-02-12,185.29141235351562
2024-02-13,183.20236206054688
2024-02-14,182.32122802734375
2024-02-15,182.0341033935547
2024-02-16,180.49948120117188
2024-02-20,179.75692749023438
2024-02-21,180.50941467285156
2024-02-22,182.53900146484375
2024-02-23,180.70738220214844
2024-02-26,179.3609161376953
2024-02-27,180.81629943847656
2024-02-28,179.6183319091797
2024-02-29,178.9550018310547
2024-03-01,177.8758087158203
2024-03-04,173.36109924316406
2024-03-05,168.4305419921875
2024-03-06,167.4404754638672
2024-03-07,167.3216552734375
2024-03-08,169.03448486328125
2024-03-11,171.03443908691406
2024-03-12,171.50965881347656
2024-03-13,169.43051147460938
2024-03-14,171.2819366455078
2024-03-15,170.9057159423828
2024-03-18,171.99478149414062
2024-03-19,174.3313751220703
2024-03-20,176.89564514160156
2024-03-21,169.6681365966797
2024-03-22,170.56910705566406
2024-03-25,169.15330505371094
2024-03-26,168.02464294433594
2024-03-27,171.58888244628906
2024-03-28,169.77700805664062
2024-04-01,168.3414306640625
2024-04-02,167.1632843017578
2024-04-03,167.9652099609375
2024-04-04,167.14346313476562
2024-04-05,167.89588928222656
2024-04-08,166.77711486816406
2024-04-09,167.98501586914062
2024-04-10,166.11378479003906
2024-04-11,173.30169677734375
2024-04-12,174.7966766357422
2024-04-15,170.9750213623047
2024-04-16,167.69790649414062
2024-04-17,166.33160400390625
2024-04-18,165.38111877441406
2024-04-19,163.3614044189453
2024-04-22,164.19308471679688
2024-04-23,165.2425079345703
2024-04-24,167.3415069580078
2024-04-25,168.2028350830078
2024-04-26,167.6186981201172
2024-04-29,171.77699279785156
2024-04-30,168.6384735107422
2024-05-01,167.6186981201172
2024-05-02,171.3116455078125
2024-05-03,181.55886840820312
2024-05-06,179.90545654296875
2024-05-07,180.58859252929688
2024-05-08,180.92520141601562
2024-05-09,182.73704528808594
2024-05-10,181.4779510498047
2024-05-13,184.6802215576172
2024-05-14,185.82034301757812
2024-05-15,188.09068298339844
2024-05-16,188.2096405029297
2024-05-17,188.2393798828125
2024-05-20,189.39935302734375
2024-05-21,190.69808959960938
2024-05-22,189.2605438232422
2024-05-23,185.27508544921875
2024-05-24,188.34841918945312
2024-05-28,188.3583526611328
2024-05-29,188.65577697753906
2024-05-30,189.64720153808594
2024-05-31,190.59893798828125
2024-06-03,192.36366271972656
2024-06-04,192.680908203125
2024-06-05,194.18785095214844
2024-06-06,192.8097686767578
2024-06-07,195.1990966796875
2024-06-10,191.46148681640625
2024-06-11,205.37095642089844
2024-06-12,211.24017333984375
2024-06-13,212.4001007080078
2024-06-14,210.66513061523438
2024-06-17,214.8092498779297
2024-06-18,212.44964599609375
2024-06-20,207.87925720214844
2024-06-21,205.70806884765625
2024-06-24,206.35247802734375
2024-06-25,207.2744903564453
2024-06-26,211.41859436035156
2024-06-27,212.26132202148438
2024-06-28,208.81117248535156
2024-07-01,214.8885498046875
2024-07-02,218.37832641601562
2024-07-03,219.6472930908203
2024-07-05,224.39617919921875
2024-07-08,225.8634796142578
2024-07-09,226.716064453125
2024-07-10,230.97914123535156
2024-07-11,225.61561584472656
2024-07-12,228.5601043701172
2024-07-15,232.38697814941406
2024-07-16,232.8033447265625
2024-07-17,226.9143524169922
2024-07-18,222.2547149658203
2024-07-19,222.3836212158203
2024-07-22,222.03665161132812
2024-07-23,223.0775909423828
2024-07-24,216.6631622314453
2024-07-25,215.62220764160156
2024-07-26,216.08815002441406
2024-07-29,216.36573791503906
2024-07-30,216.9209442138672
2024-07-31,220.17276000976562
2024-08-01,216.48468017578125
2024-08-02,217.97183227539062
2024-08-05,207.47279357910156
2024-08-06,205.45028686523438
2024-08-07,208.01803588867188
2024-08-08,211.47808837890625
2024-08-09,214.3829345703125
2024-08-12,215.91146850585938
2024-08-13,219.62362670898438
2024-08-14,220.07029724121094
2024-08-15,223.0479736328125
2024-08-16,224.36807250976562
2024-08-19,224.2092742919922
2024-08-20,224.8246612548828
2024-08-21,224.7154541015625
2024-08-22,222.859375
2024-08-23,225.15220642089844
2024-08-26,225.48965454101562
2024-08-27,226.3333282470703
2024-08-28,224.8048095703125
2024-08-29,228.08026123046875
2024-08-30,227.29611206054688
2024-09-03,221.1124725341797
2024-09-04,219.20675659179688
2024-09-05,220.72537231445312
2024-09-06,219.177001953125
2024-09-09,219.26632690429688
2024-09-10,218.47227478027344
2024-09-11,221.0032958984375
2024-09-12,221.1124725341797
2024-09-13,220.844482421875
2024-09-16,214.71047973632812
2024-09-17,215.1769561767578
2024-09-18,219.04795837402344
2024-09-19,227.16709899902344
2024-09-20,226.50205993652344
2024-09-23,224.78494262695312
2024-09-24,225.67825317382812
2024-09-25,224.68568420410156
2024-09-26,225.82713317871094
2024-09-27,226.09512329101562
2024-09-30,231.26637268066406
2024-10-01,224.52691650390625
2024-10-02,225.0926513671875
2024-10-03,223.99090576171875
2024-10-04,225.11248779296875
2024-10-07,220.04051208496094
2024-10-08,224.09014892578125
2024-10-09,227.8321075439453
2024-10-10,227.33583068847656
2024-10-11,225.85691833496094
2024-10-14,229.57901000976562
2024-10-15,232.1100311279297
2024-10-16,230.05543518066406
2024-10-17,230.4226837158203
2024-10-18,233.25146484375
2024-10-21,234.72047424316406
2024-10-22,234.10508728027344
2024-10-23,229.04299926757812
2024-10-24,228.85446166992188
2024-10-25,229.6881866455078
2024-10-28,231.66339111328125
2024-10-29,231.931396484375
2024-10-30,228.387939453125
2024-10-31,224.22911071777344
2024-11-01,221.25143432617188
2024-11-04,220.35812377929688
2024-11-05,221.78741455078125
2024-11-06,221.06285095214844
2024-11-07,225.7874298095703
2024-11-08,225.51913452148438
2024-11-11,222.8064727783203
2024-11-12,222.8064727783203
2024-11-13,223.69082641601562
2024-11-14,226.77114868164062
2024-11-15,223.57156372070312
2024-11-18,226.57241821289062
2024-11-19,226.8307647705078
2024-11-20,227.54620361328125
2024-11-21,227.06924438476562
2024-11-22,228.41067504882812
2024-11-25,231.39163208007812
2024-11-26,233.56773376464844
2024-11-27,233.43853759765625
2024-11-29,235.8233184814453
2024-12-02,238.06893920898438
2024-12-03,241.10952758789062
2024-12-04,241.4672393798828
2024-12-05,241.49705505371094
2024-12-06,241.29833984375
2024-12-09,245.1835174560547
2024-12-10,246.19703674316406
2024-12-11,244.92514038085938
2024-12-12,246.3858184814453
2024-12-13,246.5547637939453
2024-12-16,249.44627380371094
2024-12-17,251.87075805664062
2024-12-18,246.47528076171875
2024-12-19,248.20420837402344
2024-12-20,252.8743896484375
2024-12-23,253.6494140625
2024-12-24,256.5608215332031
2024-12-26,257.3755798339844
2024-12-27,253.96739196777344
2024-12-30,250.59890747070312
2024-12-31,248.83023071289062
2025-01-02,242.3019256591797
2025-01-03,241.81503295898438
2025-01-06,243.44461059570312
2025-01-07,240.67234802246094
2025-01-08,241.15921020507812
2025-01-10,235.3463592529297
2025-01-13,232.9119110107422
2025-01-14,231.7990264892578
2025-01-15,236.35989379882812
2025-01-16,226.81088256835938
2025-01-17,228.5199737548828
2025-01-21,221.2265625
2025-01-22,222.4090118408203
2025-01-23,222.24009704589844
2025-01-24,221.3656768798828
2025-01-27,228.40072631835938
2025-01-28,236.7473907470703
2025-01-29,237.84043884277344
2025-01-30,236.0816650390625
2025-01-31,234.5017547607422
2025-02-03,226.56246948242188
2025-02-04,231.3220672607422
2025-02-05,230.99415588378906
2025-02-06,231.73941040039062
2025-02-07,226.1848907470703
2025-02-10,226.45346069335938
2025-02-11,231.3973388671875
2025-02-12,235.62501525878906
2025-02-13,240.26052856445312
2025-02-14,243.31439208984375
2025-02-18,243.18507385253906
2025-02-19,243.58297729492188
2025-02-20,244.53793334960938
2025-02-21,244.25941467285156
2025-02-24,245.80123901367188
2025-02-25,245.74154663085938
2025-02-26,239.0966796875
2025-02-27,236.05274963378906
2025-02-28,240.5688934326172
2025-03-03,236.77890014648438
2025-03-04,234.68995666503906
2025-03-05,234.50094604492188
2025-03-06,234.09310913085938
2025-03-07,237.81344604492188
2025-03-10,226.28436279296875
2025-03-11,219.67926025390625
2025-03-12,215.83953857421875
2025-03-13,208.5779266357422
2025-03-14,212.36790466308594
2025-03-17,212.87522888183594
2025-03-18,211.5720977783203
2025-03-19,214.10870361328125
2025-03-20,212.97470092773438
2025-03-21,217.12278747558594
2025-03-24,219.56985473632812
2025-03-25,222.57398986816406
2025-03-26,220.36563110351562
2025-03-27,222.67344665527344
2025-03-28,216.7547149658203
2025-03-31,220.9624786376953
2025-04-01,222.01690673828125
2025-04-02,222.71322631835938
2025-04-03,202.12203979492188
2025-04-04,187.389892578125
2025-04-07,180.50624084472656
2025-04-08,171.5137481689453
2025-04-09,197.80484008789062
2025-04-10,189.41915893554688
2025-04-11,197.1085205078125
2025-04-14,201.45555114746094
2025-04-15,201.07754516601562
2025-04-16,193.24893188476562
2025-04-17,195.9446563720703
2025-04-21,192.14476013183594
2025-04-22,198.690185546875
2025-04-23,203.5246124267578
2025-04-24,207.27479553222656
2025-04-25,208.18002319335938
2025-04-28,209.0355224609375
2025-04-29,210.09988403320312
2025-04-30,211.38311767578125
2025-05-01,212.1988067626953
2025-05-02,204.27069091796875
2025-05-05,197.8446502685547
2025-05-06,197.4666290283203
2025-05-07,195.21852111816406
2025-05-08,196.45199584960938
2025-05-09,197.48651123046875
2025-05-12,209.95704650878906
2025-05-13,212.08859252929688
2025-05-14,211.490966796875
2025-05-15,210.6144256591797
2025-05-16,210.42518615722656
2025-05-19,207.9550018310547
2025-05-20,206.04258728027344
2025-05-21,201.29141235351562
2025-05-22,200.5643310546875
2025-05-23,194.49839782714844
2025-05-27,199.4188690185547
2025-05-28,199.62802124023438
2025-05-29,199.15988159179688
2025-05-30,200.05633544921875
2025-06-02,200.90296936035156
2025-06-03,202.46678161621094
2025-06-04,202.01853942871094
2025-06-05,199.8372039794922
2025-06-06,203.11419677734375
2025-06-09,200.65396118164062
2025-06-10,201.86915588378906
2025-06-11,197.99452209472656
2025-06-12,198.41285705566406
2025-06-13,195.6737060546875
2025-06-16,197.6359405517578
2025-06-17,194.86691284179688
2025-06-18,195.80320739746094
2025-06-20,200.2057342529297
2025-06-23,200.70376586914062
2025-06-24,199.5084991455078
2025-06-25,200.76351928710938
2025-06-26,200.2057342529297
2025-06-27,200.28541564941406
2025-06-30,204.3592529296875
2025-07-01,206.99879455566406
2025-07-02,211.60055541992188
2025-07-03,212.70614624023438
2025-07-07,209.120361328125
2025-07-08,209.18014526367188
2025-07-09,210.3056640625
2025-07-10,211.5706787109375
2025-07-11,210.3256072998047
2025-07-14,207.79563903808594
2025-07-15,208.28369140625
2025-07-16,209.3295440673828
2025-07-17,209.1901092529297
2025-07-18,210.34552001953125
2025-07-21,211.64036560058594
2025-07-22,213.5528106689453
2025-07-23,213.30377197265625
2025-07-24,212.91531372070312
2025-07-25,213.03485107421875
2025-07-28,213.2041778564453
2025-07-29,210.43515014648438
2025-07-30,208.2239227294922
2025-07-31,206.74978637695312
2025-08-01,201.58029174804688
2025-08-04,202.54647827148438
2025-08-05,202.11814880371094
2025-08-06,212.40733337402344
2025-08-07,219.16053771972656
2025-08-08,228.4437255859375
2025-08-11,226.53909301757812
2025-08-12,229.00210571289062
2025-08-13,232.6717529296875
2025-08-14,232.12330627441406
2025-08-15,230.93666076660156
2025-08-18,230.23863220214844
2025-08-19,229.90957641601562
2025-08-20,225.3723907470703
2025-08-21,224.26551818847656
2025-08-22,227.11744689941406
2025-08-25,226.5191650390625
2025-08-26,228.6630859375
2025-08-27,229.8397674560547
2025-08-28,231.90391540527344
2025-08-29,231.485107421875
2025-09-02,229.07192993164062
2025-09-03,237.79725646972656
2025-09-04,239.1035614013672
2025-09-05,239.0137939453125
2025-09-08,237.2089080810547
2025-09-09,233.68887329101562
2025-09-10,226.15020751953125
2025-09-11,229.3810577392578
2025-09-12,233.40966796875
2025-09-15,236.03224182128906
2025-09-16,237.4781494140625
2025-09-17,238.3157958984375
2025-09-18,237.2089080810547
2025-09-19,244.80740356445312
2025-09-22,255.35755920410156
2025-09-23,253.71221923828125
2025-09-24,251.59820556640625
2025-09-25,256.1453552246094
2025-09-26,254.73931884765625
2025-09-29,253.71221923828125
2025-09-30,253.9116668701172
2025-10-01,254.72935485839844
2025-10-02,256.40460205078125
2025-10-03,257.2920837402344
2025-10-06,255.96585083007812
2025-10-07,255.75643920898438
2025-10-08,257.3320007324219
2025-10-09,253.3233184814453
2025-10-10,244.57806396484375
2025-10-13,246.96131896972656
2025-10-14,247.07101440429688
2025-10-15,248.63658142089844
2025-10-16,246.75192260742188
2025-10-17,251.5782470703125
2025-10-20,261.50018310546875
2025-10-21,262.0287170410156
2025-10-22,257.72088623046875
2025-10-23,258.8476867675781
2025-10-24,262.07855224609375
2025-10-27,268.0516662597656
2025-10-28,268.2411193847656
2025-10-29,268.93914794921875
2025-10-30,270.63433837890625
2025-10-31,269.6072692871094
2025-11-03,268.29095458984375
2025-11-04,269.2781982421875
2025-11-05,269.3779296875
2025-11-06,269.0089416503906
2025-11-07,267.7126159667969
2025-11-10,268.93035888671875
2025-11-11,274.73956298828125
2025-11-12,272.9628601074219
2025-11-13,272.44384765625
2025-11-14,271.9048156738281
2025-11-17,266.9639892578125
2025-11-18,266.9440612792969
2025-11-19,268.06195068359375
2025-11-20,265.7562561035156
2025-11-21,270.98651123046875
2025-11-24,275.4083251953125
2025-11-25,276.4563903808594
2025-11-26,277.0352783203125
2025-11-28,278.3328857421875
2025-12-01,282.57501220703125
2025-12-02,285.6592712402344
2025-12-03,283.623046875
2025-12-04,280.179443359375
2025-12-05,278.26300048828125
2025-12-08,277.3746643066406
2025-12-09,276.66595458984375
2025-12-10,278.26300048828125
2025-12-11,277.514404296875
2025-12-12,277.7639465332031
2025-12-15,273.6016540527344
2025-12-16,274.1007385253906
2025-12-17,271.33587646484375
2025-12-18,271.68524169921875
2025-12-19,273.1625061035156
2025-12-22,270.4674987792969
2025-12-23,271.85491943359375
2025-12-24,273.3022155761719
2025-12-26,272.8929748535156
2025-12-29,273.2523498535156
2025-12-30,272.5735778808594
2025-12-31,271.3558349609375
